{
  "grid": [
    { "id": "p1", "xs": 6, "class": "main", "table": "devhard" },
    { "id": "p2", "xs": 6, "class": "main", "table": "devhard", "hide":"data.p1.foldertype != 'node'" },
    { "id": "p3", "xs": 12, "class": "main", "table": "devhard", "height": 240, "hide":"data.p1.foldertype"}
    
  ],
  "spacing": 4,

  "p1": [
    { "prop": "chan", "title": "$Name", "type": "input" },
    { "prop": "foldertype", "title": "", "type": "text", "hide":"1==1" }
  ],

  "p2": [
    {
      "prop": "parentsamplingInterval",
      "title": "Sampling Interval",
      "type": "number",
      "default": 100
    },  
    { "prop": "parentqueueSize", "title": "Queue Sizee", "type": "number", "default": 10 },
    { "prop": "parentdiscardOldest", "title": "Discard Oldest", "type": "cb", "default": 1 }
  ],

  "p3": [{ "prop": "txt", "title": "Comment", "type": "textarea" }]

  
 
}
