{
  "grid": [
    { "id": "p1", "xs": 6, "class": "main", "table": "units" },
    { "id": "p2", "xs": 6, "class": "main", "table": "units" },
    { "id": "p3", "xs": 6, "class": "main", "table": "units" },
    { "id": "p4", "xs": 6, "class": "main", "table": "units" },
    { "id": "p9", "xs": 12, "class": "main", "table": "unitsTreeTable", "height": "fill" }
  ],

  "spacing": 10,
  "p1": [
    { "prop": "id", "title": "ID", "type": "text" },
    { "prop": "name", "title": "$Name", "type": "input" },
    {
      "prop": "endpointUrl",
      "title": "Endpoint URL",
      "type": "input",
      "default": "opc.tcp://uademo.prosysopc.com:53530/OPCUA/SimulationServer"
    },
    {
      "prop": "buffertime",
      "title": "Buffer time, ms",
      "type": "number",
      "default": 500
    },
    {
      "prop": "restarttime",
      "title": "$Unit_Restarttime",
      "type": "number",
      "default": 5
    },
    { "prop": "loglevel", "title": "$LogLevel", "type": "droplist", "data": "loglevelList" }
  ],
  "p2": [
    {
      "prop": "use_password",
      "title": "$use_password",
      "type": "cb",
      "default": 0
    },
    {
      "prop": "userName",
      "title": "$userName",
      "type": "input",
      "default": "admin",
      "hide": "!data.p2.use_password"
    },
    {
      "prop": "password",
      "title": "$password",
      "type": "password",
      "default": "password",
      "hide": "!data.p2.use_password"
    },
    {
      "prop": "securityPolicy",
      "title": "Security Policy",
      "type": "droplist",
      "data": [
        {
          "id": "None",
          "title": "None"
        },
        {
          "id": "Basic256Sha256",
          "title": "Basic256Sha256"
        },
        {
          "id": "Basic256Rsa15",
          "title": "Basic256Rsa15"
        },
        {
          "id": "Basic256",
          "title": "Basic256"
        },
        {
          "id": "Basic192Rsa15",
          "title": "Basic192Rsa15"
        },
        {
          "id": "Basic192",
          "title": "Basic192"
        },
        {
          "id": "Basic128Rsa15",
          "title": "Basic128Rsa15"
        },
        {
          "id": "Basic128",
          "title": "Basic128"
        },
        {
          "id": "Aes128_Sha256_RsaOaep",
          "title": "Aes128_Sha256_RsaOaep"
        }
      ],
      "default": "None"
    },
    {
      "prop": "messageSecurityMode",
      "title": "Message Security Mode",
      "type": "droplist",
      "data": [
        {
          "id": "None",
          "title": "None"
        },
        {
          "id": "Sign",
          "title": "Sign"
        },
        {
          "id": "SignAndEncrypt",
          "title": "SignAndEncrypt"
        }  
      ],
      "default": "None"
    }
  ],
  "p3": [
    {
      "prop": "maxVariablesPerSub",
      "title": "Max Variables Per Subscription",
      "type": "number",
      "default": 100
    },
    {
      "prop": "requestedPublishingInterval",
      "title": "Requested Publishing Interval",
      "type": "number",
      "default": 1000
    },
    {
      "prop": "requestedLifetimeCount",
      "title": "Requested Lifetime Count",
      "type": "number",
      "default": 100
    },
    {
      "prop": "requestedMaxKeepAliveCount",
      "title": "Requested Max KeepAlive Count",
      "type": "number",
      "default": 10
    },
    {
      "prop": "maxNotificationsPerPublish",
      "title": "Max Notifications Per Publish",
      "type": "number",
      "default": 100
    },
    {
      "prop": "priority",
      "title": "Priority",
      "type": "number",
      "default": 10
    }
  ],
  "p4": [
    {
      "prop": "samplingInterval",
      "title": "Sampling Interval",
      "type": "number",
      "default": 100
    },
    {
      "prop": "queueSize",
      "title": "Queue Size",
      "type": "number",
      "default": 10
    },
    {
      "prop": "discardOldest",
      "title": "Discard Oldest",
      "type": "cb",
      "default": true
    }
  ],

  "p9": [
    {
      "title": "",
      "type": "table",
      "prop": "unitsTreeTable",

      "columns": [
        { "prop": "name", "title": "ID", "type": "text", "width": 150 },
        { "prop": "state", "title": "Состояние", "type": "text", "width": 150 },
        { "prop": "laststart", "title": "Время запуска", "type": "text", "width": 150 },
        { "prop": "laststop", "title": "Время останова", "type": "text", "width": 150 },
        { "prop": "uptime", "title": "Uptime", "type": "text", "width": 150 },
        { "prop": "error", "title": "Ошибка", "type": "text", "width": 250 }
      ]
    }
  ]
}
